Name,Title
James,Chief Executives
Charles,Chief Sustainability Officers
George,General and Operations Managers
Frank,Legislators
Joseph,Advertising and Promotions Managers
Thomas,Marketing Managers
Henry,Sales Managers
Robert,Public Relations Managers
Edward,Fundraising Managers
Harry,Administrative Services Managers
Walter,Facilities Managers
Arthur,Security Managers
Fred,Computer and Information Systems Managers
Albert,Financial Managers
Samuel,Treasurers and Controllers
David,Investment Fund Managers
Louis,Industrial Production Managers
Joe,Quality Control Systems Managers
Charlie,Geothermal Production Managers
Clarence,Biofuels Production Managers
Richard,Biomass Power Plant Managers
Andrew,Hydroelectric Production Managers
Daniel,Purchasing Managers
"Ernest,Transportation; Storage; and Distribution Managers"
Will,Supply Chain Managers
Jesse,Compensation and Benefits Managers
Oscar,Human Resources Managers
Lewis,Training and Development Managers
"Peter,Farmers; Ranchers; and Other Agricultural Managers"
Benjamin,Construction Managers
"Frederick,Education and Childcare Administrators; Preschool and Daycare"
"Willie,Education Administrators; Kindergarten through Secondary"
"Alfred,Education Administrators; Postsecondary"
"Sam,Education Administrators; All Other"
Roy,Architectural and Engineering Managers
Herbert,Biofuels/Biodiesel Technology and Product Development Managers
Jacob,Food Service Managers
Tom,Gambling Managers
"Elmer,Entertainment and Recreation Managers; Except Gambling"
Carl,Lodging Managers
Lee,Medical and Health Services Managers
Howard,Natural Sciences Managers
Martin,Clinical Research Coordinators
Michael,Water Resource Specialists
Bert,Postmasters and Mail Superintendents
"Herman,Property; Real Estate; and Community Association Managers"
Jim,Social and Community Service Managers
Francis,Emergency Management Directors
Harvey,Funeral Home Managers
"Earl,Personal Service Managers; All Other"
Eugene,Fitness and Wellness Coordinators
Ralph,Spa Managers
"Ed,Managers; All Other"
Claude,Regulatory Affairs Managers
Edwin,Compliance Managers
Ben,Loss Prevention Managers
Charley,Wind Energy Operations Managers
Paul,Wind Energy Development Managers
Edgar,Brownfield Redevelopment Specialists and Site Managers
"Isaac,Agents and Business Managers of Artists; Performers; and Athletes"
"Otto,Buyers and Purchasing Agents; Farm Products"
"Luther,Wholesale and Retail Buyers; Except Farm Products"
"Lawrence,Purchasing Agents; Except Wholesale; Retail; and Farm Products"
"Ira,Claims Adjusters; Examiners; and Investigators"
"Patrick,Insurance Appraisers; Auto Damage"
Guy,Compliance Officers
Oliver,Environmental Compliance Inspectors
Theodore,Equal Opportunity Representatives and Officers
Hugh,Government Property Inspectors and Investigators
Clyde,Coroners
Alexander,Regulatory Affairs Specialists
August,Customs Brokers
Floyd,Cost Estimators
Homer,Human Resources Specialists
Jack,Farm Labor Contractors
Leonard,Labor Relations Specialists
Horace,Logisticians
Marion,Logistics Engineers
Philip,Logistics Analysts
Allen,Project Management Specialists
Archie,Management Analysts
"Stephen,Meeting; Convention; and Event Planners"
Chester,Fundraisers
"Willis,Compensation; Benefits; and Job Analysis Specialists"
Raymond,Training and Development Specialists
Rufus,Market Research Analysts and Marketing Specialists
Warren,Search Marketing Strategists
"Jessie,Business Operations Specialists; All Other"
Milton,Business Continuity Planners
Alex,Sustainability Specialists
Leo,Online Merchants
Julius,Security Management Specialists
Ray,Accountants and Auditors
Sidney,Appraisers of Personal and Business Property
Bernard,Appraisers and Assessors of Real Estate
Dan,Budget Analysts
Jerry,Credit Analysts
Calvin,Financial and Investment Analysts
Perry,Personal Financial Advisors
Dave,Insurance Underwriters
Anthony,Financial Risk Specialists
Eddie,Financial Examiners
Amos,Credit Counselors
Dennis,Loan Officers
"Clifford,Tax Examiners and Collectors; and Revenue Agents"
Leroy,Tax Preparers
"Wesley,Financial Specialists; All Other"
Alonzo,Financial Quantitative Analysts
"Garfield,Fraud Examiners; Investigators and Analysts"
Franklin,Computer Systems Analysts
Emil,Health Informatics Specialists
Leon,Information Security Analysts
Nathan,Computer and Information Research Scientists
Harold,Computer Network Support Specialists
Matthew,Computer User Support Specialists
Levi,Computer Network Architects
Moses,Telecommunications Engineering Specialists
Everett,Database Administrators
Lester,Database Architects
Winfield,Data Warehousing Specialists
Adam,Network and Computer Systems Administrators
Lloyd,Computer Programmers
Mack,Software Developers
Fredrick,Software Quality Assurance Analysts and Testers
Jay,Web Developers
Jess,Web and Digital Interface Designers
Melvin,Video Game Designers
"Noah,Computer Occupations; All Other"
Aaron,Web Administrators
Alvin,Geographic Information Systems Technologists and Technicians
Norman,Document Management Specialists
Gilbert,Penetration Testers
Elijah,Information Security Engineers
Victor,Digital Forensics Analysts
Gus,Blockchain Engineers
Nelson,Computer Systems Engineers/Architects
Jasper,Information Technology Project Managers
Silas,Actuaries
Christopher,Mathematicians
Jake,Operations Research Analysts
Mike,Statisticians
Percy,Biostatisticians
Adolph,Data Scientists
Maurice,Business Intelligence Analysts
Cornelius,Clinical Data Managers
"Felix,Mathematical Science Occupations; All Other"
Reuben,Bioinformatics Technicians
"Wallace,Architects; Except Landscape and Naval"
Claud,Landscape Architects
Roscoe,Cartographers and Photogrammetrists
Sylvester,Surveyors
Earnest,Geodetic Surveyors
Hiram,Aerospace Engineers
Otis,Agricultural Engineers
Simon,Bioengineers and Biomedical Engineers
Willard,Chemical Engineers
Irvin,Civil Engineers
Mark,Transportation Engineers
Jose,Water/Wastewater Engineers
Wilbur,Computer Hardware Engineers
Abraham,Electrical Engineers
"Virgil,Electronics Engineers; Except Computer"
Clinton,Radio Frequency Identification Device Specialists
Elbert,Environmental Engineers
"Leslie,Health and Safety Engineers; Except Mining Safety Engineers and Inspectors"
Marshall,Fire-Prevention and Protection Engineers
Owen,Industrial Engineers
Wiley,Human Factors Engineers and Ergonomists
Anton,Validation Engineers
Morris,Manufacturing Engineers
Manuel,Marine Engineers and Naval Architects
Phillip,Materials Engineers
Augustus,Mechanical Engineers
Emmett,Fuel Cell Engineers
Eli,Automotive Engineers
"Nicholas,Mining and Geological Engineers; Including Mining Safety Engineers"
Wilson,Nuclear Engineers
Alva,Petroleum Engineers
"Harley,Engineers; All Other"
"Newton,Energy Engineers; Except Wind and Solar"
Timothy,Mechatronics Engineers
Marvin,Microsystems Engineers
Ross,Photonics Engineers
Curtis,Robotics Engineers
Edmund,Nanosystems Engineers
Jeff,Wind Energy Engineers
Elias,Solar Energy Systems Engineers
Harrison,Architectural and Civil Drafters
Stanley,Electrical and Electronics Drafters
Columbus,Mechanical Drafters
"Lon,Drafters; All Other"
Ora,Aerospace Engineering and Operations Technologists and Technicians
Ollie,Civil Engineering Technologists and Technicians
Russell,Electrical and Electronic Engineering Technologists and Technicians
Pearl,Electro-Mechanical and Mechatronics Technologists and Technicians
Solomon,Robotics Technicians
Arch,Environmental Engineering Technologists and Technicians
Asa,Industrial Engineering Technologists and Technicians
Clayton,Nanotechnology Engineering Technologists and Technicians
Enoch,Mechanical Engineering Technologists and Technicians
Irving,Automotive Engineering Technicians
Mathew,Calibration Technologists and Technicians
"Nathaniel,Engineering Technologists and Technicians; Except Drafters; All Other"
Scott,Non-Destructive Testing Specialists
Hubert,Photonics Technicians
Lemuel,Surveying and Mapping Technicians
Andy,Animal Scientists
Ellis,Food Scientists and Technologists
Emanuel,Soil and Plant Scientists
Joshua,Biochemists and Biophysicists
Millard,Microbiologists
Vernon,Zoologists and Wildlife Biologists
"Wade,Biological Scientists; All Other"
Cyrus,Bioinformatics Scientists
Miles,Molecular and Cellular Biologists
Rudolph,Geneticists
Sherman,Biologists
Austin,Conservation Scientists
Bill,Range Managers
Chas,Park Naturalists
Lonnie,Foresters
Monroe,Epidemiologists
"Byron,Medical Scientists; Except Epidemiologists"
"Edd,Life Scientists; All Other"
Emery,Astronomers
Grant,Physicists
Jerome,Atmospheric and Space Scientists
Max,Chemists
Mose,Materials Scientists
"Steve,Environmental Scientists and Specialists; Including Health"
Gordon,Climate Change Policy Analysts
Abe,Environmental Restoration Planners
Pete,Industrial Ecologists
"Chris,Geoscientists; Except Hydrologists and Geographers"
Clark,Hydrologists
"Gustave,Physical Scientists; All Other"
Orville,Remote Sensing Scientists and Technologists
Lorenzo,Economists
Bruce,Environmental Economists
Marcus,Survey Researchers
Preston,Industrial-Organizational Psychologists
Bob,Clinical and Counseling Psychologists
Dock,School Psychologists
"Donald,Psychologists; All Other"
Jackson,Neuropsychologists
Cecil,Clinical Neuropsychologists
Barney,Sociologists
Delbert,Urban and Regional Planners
Edmond,Anthropologists and Archeologists
Anderson,Geographers
Christian,Historians
Glenn,Political Scientists
"Jefferson,Social Scientists and Related Workers; All Other"
Luke,Transportation Planners
Neal,Agricultural Technicians
Burt,Precision Agriculture Technicians
Ike,Food Science Technicians
Myron,Biological Technicians
Tony,Chemical Technicians
"Conrad,Environmental Science and Protection Technicians; Including Health"
"Joel,Geological Technicians; Except Hydrologic Technicians"
Matt,Hydrologic Technicians
Riley,Nuclear Technicians
Vincent,Nuclear Monitoring Technicians
Emory,Social Science Research Assistants
Isaiah,Forest and Conservation Technicians
Nick,Forensic Science Technicians
"Ezra,Life; Physical; and Social Science Technicians; All Other"
Green,Quality Control Analysts
Juan,Remote Sensing Technicians
Clifton,Occupational Health and Safety Specialists
Lucius,Occupational Health and Safety Technicians
Porter,Substance Abuse and Behavioral Disorder Counselors
"Arnold,Educational; Guidance; and Career Counselors and Advisors"
Bud,Marriage and Family Therapists
Jeremiah,Mental Health Counselors
Taylor,Rehabilitation Counselors
"Forrest,Counselors; All Other"
"Roland,Child; Family; and School Social Workers"
Spencer,Healthcare Social Workers
Burton,Mental Health and Substance Abuse Social Workers
"Don,Social Workers; All Other"
Emmet,Health Education Specialists
Gustav,Probation Officers and Correctional Treatment Specialists
Louie,Social and Human Service Assistants
Morgan,Community Health Workers
"Ned,Community and Social Service Specialists; All Other"
Van,Clergy
"Ambrose,Directors; Religious Activities and Education"
"Chauncey,Religious Workers; All Other"
Elisha,Lawyers
Ferdinand,Judicial Law Clerks
"General,Administrative Law Judges; Adjudicators; and Hearing Officers"
"Julian,Arbitrators; Mediators; and Conciliators"
"Kenneth,Judges; Magistrate Judges; and Magistrates"
Mitchell,Paralegals and Legal Assistants
"Allie,Title Examiners; Abstractors; and Searchers"
"Josh,Legal Support Workers; All Other"
"Judson,Business Teachers; Postsecondary"
"Lyman,Computer Science Teachers; Postsecondary"
"Napoleon,Mathematical Science Teachers; Postsecondary"
"Pedro,Architecture Teachers; Postsecondary"
"Berry,Engineering Teachers; Postsecondary"
"Dewitt,Agricultural Sciences Teachers; Postsecondary"
"Ervin,Biological Science Teachers; Postsecondary"
"Forest,Forestry and Conservation Science Teachers; Postsecondary"
"Lynn,Atmospheric; Earth; Marine; and Space Sciences Teachers; Postsecondary"
"Pink,Chemistry Teachers; Postsecondary"
"Ruben,Environmental Science Teachers; Postsecondary"
"Sanford,Physics Teachers; Postsecondary"
"Ward,Anthropology and Archeology Teachers; Postsecondary"
"Douglas,Area; Ethnic; and Cultural Studies Teachers; Postsecondary"
"Ole,Economics Teachers; Postsecondary"
"Omer,Geography Teachers; Postsecondary"
"Ulysses,Political Science Teachers; Postsecondary"
"Walker,Psychology Teachers; Postsecondary"
"Wilbert,Sociology Teachers; Postsecondary"
"Adelbert,Social Sciences Teachers; Postsecondary; All Other"
"Benjiman,Health Specialties Teachers; Postsecondary"
"Ivan,Nursing Instructors and Teachers; Postsecondary"
"Jonas,Education Teachers; Postsecondary"
"Major,Library Science Teachers; Postsecondary"
"Abner,Criminal Justice and Law Enforcement Teachers; Postsecondary"
"Archibald,Law Teachers; Postsecondary"
"Caleb,Social Work Teachers; Postsecondary"
"Clint,Art; Drama; and Music Teachers; Postsecondary"
"Dudley,Communications Teachers; Postsecondary"
"Granville,English Language and Literature Teachers; Postsecondary"
"King,Foreign Language and Literature Teachers; Postsecondary"
"Mary,History Teachers; Postsecondary"
"Merton,Philosophy and Religion Teachers; Postsecondary"
"Antonio,Family and Consumer Sciences Teachers; Postsecondary"
"Bennie,Recreation and Fitness Studies Teachers; Postsecondary"
"Carroll,Career/Technical Education Teachers; Postsecondary"
"Freeman,Postsecondary Teachers; All Other"
"Josiah,Preschool Teachers; Except Special Education"
"Milo,Kindergarten Teachers; Except Special Education"
"Royal,Elementary School Teachers; Except Special Education"
"Dick,Middle School Teachers; Except Special and Career/Technical Education"
"Earle,Career/Technical Education Teachers; Middle School"
"Elza,Secondary School Teachers; Except Special and Career/Technical Education"
"Emerson,Career/Technical Education Teachers; Secondary School"
"Fletcher,Special Education Teachers; Preschool"
"Judge,Special Education Teachers; Kindergarten"
"Laurence,Special Education Teachers; Elementary School"
"Neil,Special Education Teachers; Middle School"
"Roger,Special Education Teachers; Secondary School"
"Seth,Special Education Teachers; All Other"
Glen,Adapted Physical Education Specialists
"Hugo,Adult Basic Education; Adult Secondary Education; and English as a Second Language Instructors"
Jimmie,Self-Enrichment Teachers
"Johnnie,Substitute Teachers; Short-Term"
Washington,Tutors
"Elwood,Teachers and Instructors; All Other"
Gust,Archivists
Harmon,Curators
Jordan,Museum Technicians and Conservators
Simeon,Librarians and Media Collections Specialists
Wayne,Library Technicians
Wilber,Farm and Home Management Educators
Clem,Instructional Coordinators
"Evan,Teaching Assistants; Preschool; Elementary; Middle; and Secondary School; Except Special Education"
"Frederic,Teaching Assistants; Special Education"
"Irwin,Teaching Assistants; Postsecondary"
"Junius,Teaching Assistants; All Other"
"Lafayette,Educational Instruction and Library Workers; All Other"
Loren,Art Directors
Madison,Craft Artists
"Mason,Fine Artists; Including Painters; Sculptors; and Illustrators"
Orval,Special Effects Artists and Animators
"Abram,Artists and Related Workers; All Other"
Aubrey,Commercial and Industrial Designers
Elliott,Fashion Designers
Hans,Floral Designers
Karl,Graphic Designers
Minor,Interior Designers
Wash,Merchandise Displayers and Window Trimmers
Wilfred,Set and Exhibit Designers
"Allan,Designers; All Other"
Alphonse,Actors
Dallas,Producers and Directors
Dee,Media Programming Directors
Isiah,Talent Directors
Jason,Media Technical Directors/Managers
Johnny,Athletes and Sports Competitors
Lawson,Coaches and Scouts
"Lew,Umpires; Referees; and Other Sports Officials"
Micheal,Dancers
Orin,Choreographers
Addison,Music Directors and Composers
Cal,Musicians and Singers
"Erastus,Disc Jockeys; Except Radio"
"Francisco,Entertainers and Performers; Sports and Related Workers; All Other"
Hardy,Broadcast Announcers and Radio Disc Jockeys
"Lucien,News Analysts; Reporters; and Journalists"
Randolph,Public Relations Specialists
Stewart,Editors
Vern,Technical Writers
Wilmer,Writers and Authors
"Zack,Poets; Lyricists and Creative Writers"
Adrian,Interpreters and Translators
Alvah,Court Reporters and Simultaneous Captioners
"Bertram,Media and Communication Workers; All Other"
Clay,Audio and Video Technicians
Ephraim,Broadcast Technicians
Fritz,Sound Engineering Technicians
Giles,Lighting Technicians
Grover,Photographers
"Harris,Camera Operators; Television; Video; and Film"
Isom,Film and Video Editors
"Jesus,Media and Communication Equipment Workers; All Other"
Johnie,Chiropractors
"Jonathan,Dentists; General"
Lucian,Oral and Maxillofacial Surgeons
Malcolm,Orthodontists
Merritt,Prosthodontists
"Otho,Dentists; All Other Specialists"
Perley,Dietitians and Nutritionists
Rolla,Optometrists
Sandy,Pharmacists
Tomas,Physician Assistants
Wilford,Anesthesiologist Assistants
Adolphus,Podiatrists
Angus,Occupational Therapists
"Arther,Low Vision Therapists; Orientation and Mobility Specialists; and Vision Rehabilitation Therapists"
Carlos,Physical Therapists
Cary,Radiation Therapists
Cassius,Recreational Therapists
Davis,Respiratory Therapists
Hamilton,Speech-Language Pathologists
Harve,Exercise Physiologists
"Israel,Therapists; All Other"
Leander,Art Therapists
Melville,Music Therapists
Merle,Veterinarians
Murray,Registered Nurses
Pleasant,Acute Care Nurses
Sterling,Advanced Practice Psychiatric Nurses
Steven,Critical Care Nurses
Axel,Clinical Nurse Specialists
Boyd,Nurse Anesthetists
Bryant,Nurse Midwives
Clement,Nurse Practitioners
Erwin,Audiologists
Ezekiel,Anesthesiologists
Foster,Cardiologists
Frances,Dermatologists
Geo,Emergency Medicine Physicians
Houston,Family Medicine Physicians
Issac,General Internal Medicine Physicians
Jules,Neurologists
Larkin,Obstetricians and Gynecologists
"Mat,Pediatricians; General"
"Morton,Physicians; Pathologists"
Orlando,Psychiatrists
Pierce,Radiologists
"Prince,Physicians; All Other"
Rollie,Allergists and Immunologists
Rollin,Hospitalists
Sim,Urologists
Stuart,Physical Medicine and Rehabilitation Physicians
Wilburn,Preventive Medicine Physicians
Bennett,Sports Medicine Physicians
"Casper,Ophthalmologists; Except Pediatric"
"Christ,Orthopedic Surgeons; Except Pediatric"
Dell,Pediatric Surgeons
"Egbert,Surgeons; All Other"
Elmo,Acupuncturists
Fay,Dental Hygienists
"Gabriel,Healthcare Diagnosing or Treating Practitioners; All Other"
Hector,Naturopathic Physicians
Horatio,Orthoptists
Lige,Medical and Clinical Laboratory Technologists
Saul,Cytogenetic Technologists
Smith,Cytotechnologists
Squire,Histotechnologists
Tobe,Medical and Clinical Laboratory Technicians
Tommie,Histology Technicians
Wyatt,Cardiovascular Technologists and Technicians
Alford,Diagnostic Medical Sonographers
Alma,Nuclear Medicine Technologists
Alton,Radiologic Technologists and Technicians
Andres,Magnetic Resonance Imaging Technologists
Burl,Medical Dosimetrists
Cicero,Emergency Medical Technicians
Dean,Paramedics
Dorsey,Dietetic Technicians
Enos,Pharmacy Technicians
Howell,Psychiatric Technicians
Lou,Surgical Technologists
Loyd,Veterinary Technologists and Technicians
Mahlon,Ophthalmic Medical Technicians
Nat,Licensed Practical and Licensed Vocational Nurses
Omar,Medical Records Specialists
"Oran,Opticians; Dispensing"
Parker,Orthotists and Prosthetists
Raleigh,Hearing Aid Specialists
"Reginald,Health Technologists and Technicians; All Other"
Rubin,Neurodiagnostic Technologists
Seymour,Ophthalmic Medical Technologists
Wm,Patient Representatives
Young,Health Information Technologists and Medical Registrars
Benjamine,Athletic Trainers
Carey,Genetic Counselors
Carlton,Surgical Assistants
"Eldridge,Healthcare Practitioners and Technical Workers; All Other"
Elzie,Midwives
Garrett,Home Health Aides
Isham,Personal Care Aides
Johnson,Nursing Assistants
Larry,Orderlies
Logan,Psychiatric Aides
Merrill,Occupational Therapy Assistants
Mont,Occupational Therapy Aides
Oren,Physical Therapist Assistants
Pierre,Physical Therapist Aides
Rex,Massage Therapists
Rodney,Dental Assistants
Ted,Medical Assistants
Webster,Medical Equipment Preparers
West,Medical Transcriptionists
Wheeler,Pharmacy Aides
Willam,Veterinary Assistants and Laboratory Animal Caretakers
Al,Phlebotomists
"Aloysius,Healthcare Support Workers; All Other"
Alvie,Speech-Language Pathology Assistants
Anna,Endoscopy Technicians
Art,First-Line Supervisors of Correctional Officers
Augustine,First-Line Supervisors of Police and Detectives
Bailey,First-Line Supervisors of Firefighting and Prevention Workers
Benjaman,First-Line Supervisors of Security Workers
"Beverly,First-Line Supervisors of Protective Service Workers; All Other"
Bishop,Firefighters
Clair,Fire Inspectors and Investigators
Cloyd,Forest Fire Inspectors and Prevention Specialists
Coleman,Bailiffs
Dana,Correctional Officers and Jailers
Duncan,Detectives and Criminal Investigators
Dwight,Police Identification and Records Officers
Emile,Intelligence Analysts
Evert,Fish and Game Wardens
Henderson,Parking Enforcement Workers
Hunter,Police and Sheriff's Patrol Officers
Jean,Customs and Border Protection Officers
Lem,Transit and Railroad Police
Luis,Animal Control Workers
Mathias,Private Detectives and Investigators
Maynard,Gambling Surveillance Officers and Gambling Investigators
Miguel,Security Guards
Mortimer,Crossing Guards and Flaggers
"Nels,Lifeguards; Ski Patrol; and Other Recreational Protective Service Workers"
Norris,Transportation Security Screeners
Pat,School Bus Monitors
"Phil,Protective Service Workers; All Other"
Rush,Retail Loss Prevention Specialists
Santiago,Chefs and Head Cooks
Sol,First-Line Supervisors of Food Preparation and Serving Workers
"Sydney,Cooks; Fast Food"
"Thaddeus,Cooks; Institution and Cafeteria"
"Thornton,Cooks; Private Household"
"Tim,Cooks; Restaurant"
"Travis,Cooks; Short Order"
"Truman,Cooks; All Other"
Watson,Food Preparation Workers
Webb,Bartenders
Wellington,Fast Food and Counter Workers
Winfred,Baristas
Wylie,Waiters and Waitresses
"Alec,Food Servers; Nonrestaurant"
Basil,Dining Room and Cafeteria Attendants and Bartender Helpers
Baxter,Dishwashers
"Bertrand,Hosts and Hostesses; Restaurant; Lounge; and Coffee Shop"
"Buford,Food Preparation and Serving Related Workers; All Other"
Burr,First-Line Supervisors of Housekeeping and Janitorial Workers
"Cleveland,First-Line Supervisors of Landscaping; Lawn Service; and Groundskeeping Workers"
"Colonel,Janitors and Cleaners; Except Maids and Housekeeping Cleaners"
Dempsey,Maids and Housekeeping Cleaners
"Early,Building Cleaning Workers; All Other"
Ellsworth,Pest Control Workers
Fate,Landscaping and Groundskeeping Workers
"Finley,Pesticide Handlers; Sprayers; and Applicators; Vegetation"
Gabe,Tree Trimmers and Pruners
"Garland,Grounds Maintenance Workers; All Other"
Gerald,First-Line Supervisors of Gambling Services Workers
"Herschel,First-Line Supervisors of Entertainment and Recreation Workers; Except Gambling Services"
Hezekiah,First-Line Supervisors of Personal Service Workers
Justus,Animal Trainers
Lindsey,Animal Caretakers
Marcellus,Gambling Dealers
Olaf,Gambling and Sports Book Writers and Runners
"Olin,Gambling Service Workers; All Other"
Pablo,Motion Picture Projectionists
"Rolland,Ushers; Lobby Attendants; and Ticket Takers"
Turner,Amusement and Recreation Attendants
Verne,Costume Attendants
"Volney,Locker Room; Coatroom; and Dressing Room Attendants"
"Williams,Entertainment Attendants and Related Workers; All Other"
Almon,Embalmers
Alois,Crematory Operators
Alonza,Funeral Attendants
"Anson,Morticians; Undertakers; and Funeral Arrangers"
Authur,Barbers
"Benton,Hairdressers; Hairstylists; and Cosmetologists"
"Billie,Makeup Artists; Theatrical and Performance"
Cornelious,Manicurists and Pedicurists
Darius,Shampooers
Denis,Skincare Specialists
Dillard,Baggage Porters and Bellhops
Doctor,Concierges
Elvin,Tour Guides and Escorts
Emma,Travel Guides
Eric,Childcare Workers
Evans,Nannies
Gideon,Exercise Trainers and Group Fitness Instructors
Haywood,Recreation Workers
Hilliard,Residential Advisors
"Hosea,Personal Care and Service Workers; All Other"
Lincoln,First-Line Supervisors of Retail Sales Workers
Lonzo,First-Line Supervisors of Non-Retail Sales Workers
Lucious,Cashiers
Lum,Gambling Change Persons and Booth Cashiers
Malachi,Counter and Rental Clerks
Newt,Parts Salespersons
Noel,Retail Salespersons
Orie,Advertising Sales Agents
Palmer,Insurance Sales Agents
"Pinkney,Securities; Commodities; and Financial Services Sales Agents"
Shirley,Travel Agents
"Sumner,Sales Representatives of Services; Except Advertising; Insurance; Financial Services; and Travel"
"Terry,Sales Representatives; Wholesale and Manufacturing; Technical and Scientific Products"
Urban,Solar Sales Representatives and Assessors
"Uriah,Sales Representatives; Wholesale and Manufacturing; Except Technical and Scientific Products"
Valentine,Demonstrators and Product Promoters
Waldo,Models
Warner,Real Estate Brokers
Wong,Real Estate Sales Agents
Zeb,Sales Engineers
Abel,Telemarketers
"Alden,Door-to-Door Sales Workers; News and Street Vendors; and Related Workers"
"Archer,Sales and Related Workers; All Other"
Avery,First-Line Supervisors of Office and Administrative Support Workers
"Carson,Switchboard Operators; Including Answering Service"
Cullen,Telephone Operators
"Doc,Communications Equipment Operators; All Other"
Eben,Bill and Account Collectors
Elige,Billing and Posting Clerks
"Elizabeth,Bookkeeping; Accounting; and Auditing Clerks"
Elmore,Gambling Cage Workers
Ernst,Payroll and Timekeeping Clerks
Finis,Procurement Clerks
Freddie,Tellers
"Godfrey,Financial Clerks; All Other"
Guss,Brokerage Clerks
Hamp,Correspondence Clerks
"Hermann,Court; Municipal; and License Clerks"
"Isadore,Credit Authorizers; Checkers; and Clerks"
Isreal,Customer Service Representatives
"Jones,Eligibility Interviewers; Government Programs"
June,File Clerks
"Lacy,Hotel; Motel; and Resort Desk Clerks"
"Lafe,Interviewers; Except Eligibility and Loan"
"Leland,Library Assistants; Clerical"
Llewellyn,Loan Interviewers and Clerks
Ludwig,New Accounts Clerks
Manford,Order Clerks
"Maxwell,Human Resources Assistants; Except Payroll and Timekeeping"
Minnie,Receptionists and Information Clerks
Obie,Reservation and Transportation Ticket Agents and Travel Clerks
"Octave,Information and Record Clerks; All Other"
Orrin,Cargo and Freight Agents
Ossie,Freight Forwarders
Oswald,Couriers and Messengers
Park,Public Safety Telecommunicators
"Parley,Dispatchers; Except Police; Fire; and Ambulance"
"Ramon,Meter Readers; Utilities"
Rice,Postal Service Clerks
Stonewall,Postal Service Mail Carriers
"Theo,Postal Service Mail Sorters; Processors; and Processing Machine Operators"
"Tillman,Production; Planning; and Expediting Clerks"
"Addie,Shipping; Receiving; and Inventory Clerks"
"Aron,Weighers; Measurers; Checkers; and Samplers; Recordkeeping"
Ashley,Executive Secretaries and Executive Administrative Assistants
Bernhard,Legal Secretaries and Administrative Assistants
Bertie,Medical Secretaries and Administrative Assistants
"Berton,Secretaries and Administrative Assistants; Except Legal; Medical; and Executive"
Buster,Data Entry Keyers
Butler,Word Processors and Typists
Carleton,Desktop Publishers
Carrie,Insurance Claims and Policy Processing Clerks
"Clara,Mail Clerks and Mail Machine Operators; Except Postal Service"
"Clarance,Office Clerks; General"
"Clare,Office Machine Operators; Except Computer"
Crawford,Proofreaders and Copy Markers
Danial,Statistical Assistants
"Dayton,Office and Administrative Support Workers; All Other"
"Dolphus,First-Line Supervisors of Farming; Fishing; and Forestry Workers"
Elder,Agricultural Inspectors
Ephriam,Animal Breeders
"Fayette,Graders and Sorters; Agricultural Products"
Felipe,Agricultural Equipment Operators
"Fernando,Farmworkers and Laborers; Crop; Nursery; and Greenhouse"
"Flem,Farmworkers; Farm; Ranch; and Aquacultural Animals"
"Florence,Agricultural Workers; All Other"
Ford,Fishing and Hunting Workers
Harlan,Forest and Conservation Workers
Hayes,Fallers
Henery,Logging Equipment Operators
Hoy,Log Graders and Scalers
"Huston,Logging Workers; All Other"
Ida,First-Line Supervisors of Construction Trades and Extraction Workers
Ivory,Solar Energy Installation Managers
Jonah,Boilermakers
Justin,Brickmasons and Blockmasons
Lenard,Stonemasons
Leopold,Carpenters
Lionel,Carpet Installers
"Manley,Floor Layers; Except Carpet; Wood; and Hard Tiles"
Marquis,Floor Sanders and Finishers
Marshal,Tile and Stone Setters
Mart,Cement Masons and Concrete Finishers
Odie,Terrazzo Workers and Finishers
Olen,Construction Laborers
"Oral,Paving; Surfacing; and Tamping Equipment Operators"
Orley,Pile Driver Operators
Otha,Operating Engineers and Other Construction Equipment Operators
Press,Drywall and Ceiling Tile Installers
Price,Tapers
Quincy,Electricians
Randall,Glaziers
"Rich,Insulation Workers; Floor; Ceiling; and Wall"
"Richmond,Insulation Workers; Mechanical"
"Romeo,Painters; Construction and Maintenance"
Russel,Paperhangers
Rutherford,Pipelayers
"Shade,Plumbers; Pipefitters; and Steamfitters"
Shelby,Solar Thermal Installers and Technicians
Solon,Plasterers and Stucco Masons
Thurman,Reinforcing Iron and Rebar Workers
Tilden,Roofers
Troy,Sheet Metal Workers
Woodson,Structural Iron and Steel Workers
Worth,Solar Photovoltaic Installers
"Aden,Helpers--Brickmasons; Blockmasons; Stonemasons; and Tile and Marble Setters"
Alcide,Helpers--Carpenters
Alf,Helpers--Electricians
"Algie,Helpers--Painters; Paperhangers; Plasterers; and Stucco Masons"
"Arlie,Helpers--Pipelayers; Plumbers; Pipefitters; and Steamfitters"
Bart,Helpers--Roofers
"Bedford,Helpers; Construction Trades; All Other"
Benito,Construction and Building Inspectors
Billy,Energy Auditors
Bird,Elevator and Escalator Installers and Repairers
Birt,Fence Erectors
Bruno,Hazardous Materials Removal Workers
Burley,Highway Maintenance Workers
Chancy,Rail-Track Laying and Maintenance Equipment Operators
Claus,Septic Tank Servicers and Sewer Pipe Cleaners
Cliff,Segmental Pavers
"Clovis,Construction and Related Workers; All Other"
Connie,Weatherization Installers and Technicians
"Creed,Derrick Operators; Oil and Gas"
"Delos,Rotary Drill Operators; Oil and Gas"
"Duke,Service Unit Operators; Oil and Gas"
"Eber,Excavating and Loading Machine and Dragline Operators; Surface Mining"
"Eligah,Earth Drillers; Except Oil and Gas"
"Elliot,Explosives Workers; Ordnance Handling Experts; and Blasters"
Elton,Continuous Mining Machine Operators
"Emmitt,Roof Bolters; Mining"
"Gene,Loading and Moving Machine Operators; Underground Mining"
"Golden,Underground Mining Machine Operators; All Other"
"Hal,Rock Splitters; Quarry"
"Hardin,Roustabouts; Oil and Gas"
Harman,Helpers--Extraction Workers
"Hervey,Extraction Workers; All Other"
"Hollis,First-Line Supervisors of Mechanics; Installers; and Repairers"
"Ivey,Computer; Automated Teller; and Office Machine Repairers"
"Jennie,Radio; Cellular; and Tower Equipment Installers and Repairers"
"Len,Telecommunications Equipment Installers and Repairers; Except Line Installers"
Lindsay,Avionics Technicians
"Lonie,Electric Motor; Power Tool; and Related Repairers"
"Lyle,Electrical and Electronics Installers and Repairers; Transportation Equipment"
"Mac,Electrical and Electronics Repairers; Commercial and Industrial Equipment"
"Mal,Electrical and Electronics Repairers; Powerhouse; Substation; and Relay"
"Math,Electronic Equipment Installers and Repairers; Motor Vehicles"
Miller,Audiovisual Equipment Installers and Repairers
Orson,Security and Fire Alarm Systems Installers
Osborne,Aircraft Mechanics and Service Technicians
Percival,Automotive Body and Related Repairers
Pleas,Automotive Glass Installers and Repairers
Ples,Automotive Service Technicians and Mechanics
Rafael,Bus and Truck Mechanics and Diesel Engine Specialists
Raoul,Farm Equipment Mechanics and Service Technicians
"Roderick,Mobile Heavy Equipment Mechanics; Except Engines"
Rose,Rail Car Repairers
Shelton,Motorboat Mechanics and Service Technicians
Sid,Motorcycle Mechanics
Theron,Outdoor Power Equipment and Other Small Engine Mechanics
Tobias,Bicycle Repairers
Toney,Recreational Vehicle Service Technicians
Tyler,Tire Repairers and Changers
Vance,Mechanical Door Repairers
"Vivian,Control and Valve Installers and Repairers; Except Mechanical Door"
"Walton,Heating; Air Conditioning; and Refrigeration Mechanics and Installers"
Watt,Home Appliance Repairers
Weaver,Industrial Machinery Mechanics
"Wilton,Maintenance Workers; Machinery"
Adolf,Millwrights
"Albin,Refractory Materials Repairers; Except Brickmasons"
Albion,Electrical Power-Line Installers and Repairers
Allison,Telecommunications Line Installers and Repairers
Alpha,Camera and Photographic Equipment Repairers
Alpheus,Medical Equipment Repairers
Anastacio,Musical Instrument Repairers and Tuners
Andre,Watch and Clock Repairers
"Annie,Precision Instrument and Equipment Repairers; All Other"
"Arlington,Maintenance and Repair Workers; General"
Armand,Wind Turbine Service Technicians
"Asberry,Coin; Vending; and Amusement Machine Servicers and Repairers"
Asbury,Commercial Divers
Asher,Locksmiths and Safe Repairers
Augustin,Manufactured Building and Mobile Home Installers
Auther,Riggers
Author,Signal and Track Switch Repairers
"Ballard,Helpers--Installation; Maintenance; and Repair Workers"
"Blas,Installation; Maintenance; and Repair Workers; All Other"
Caesar,Geothermal Technicians
Candido,First-Line Supervisors of Production and Operating Workers
"Cato,Aircraft Structure; Surfaces; Rigging; and Systems Assemblers"
"Clarke,Coil Winders; Tapers; and Finishers"
Clemente,Electrical and Electronic Equipment Assemblers
Colin,Electromechanical Equipment Assemblers
Commodore,Engine and Other Machine Assemblers
Cora,Structural Metal Fabricators and Fitters
Coy,Fiberglass Laminators and Fabricators
Cruz,Timing Device Assemblers and Adjusters
Curt,Team Assemblers
"Damon,Assemblers and Fabricators; All Other"
Davie,Bakers
Delmar,Butchers and Meat Cutters
"Dexter,Meat; Poultry; and Fish Cutters and Trimmers"
Dora,Slaughterers and Meat Packers
"Doss,Food and Tobacco Roasting; Baking; and Drying Machine Operators and Tenders"
Drew,Food Batchmakers
Edson,Food Cooking Machine Operators and Tenders
"Elam,Food Processing Workers; All Other"
"Elihu,Extruding and Drawing Machine Setters; Operators; and Tenders; Metal and Plastic"
"Eliza,Forging Machine Setters; Operators; and Tenders; Metal and Plastic"
"Elsie,Rolling Machine Setters; Operators; and Tenders; Metal and Plastic"
"Erie,Cutting; Punching; and Press Machine Setters; Operators; and Tenders; Metal and Plastic"
"Ernie,Drilling and Boring Machine Tool Setters; Operators; and Tenders; Metal and Plastic"
"Ethel,Grinding; Lapping; Polishing; and Buffing Machine Tool Setters; Operators; and Tenders; Metal and Plastic"
"Ferd,Lathe and Turning Machine Tool Setters; Operators; and Tenders; Metal and Plastic"
"Friend,Milling and Planing Machine Setters; Operators; and Tenders; Metal and Plastic"
Garry,Machinists
Gary,Metal-Refining Furnace Operators and Tenders
"Grace,Pourers and Casters; Metal"
"Gustaf,Model Makers; Metal and Plastic"
"Hallie,Patternmakers; Metal and Plastic"
Hampton,Foundry Mold and Coremakers
"Harrie,Molding; Coremaking; and Casting Machine Setters; Operators; and Tenders; Metal and Plastic"
"Hattie,Multiple Machine Tool Setters; Operators; and Tenders; Metal and Plastic"
Hence,Tool and Die Makers
"Hillard,Welders; Cutters; Solderers; and Brazers"
"Hollie,Welding; Soldering; and Brazing Machine Setters; Operators; and Tenders"
"Holmes,Heat Treating Equipment Setters; Operators; and Tenders; Metal and Plastic"
"Hope,Layout Workers; Metal and Plastic"
"Hyman,Plating Machine Setters; Operators; and Tenders; Metal and Plastic"
"Ishmael,Tool Grinders; Filers; and Sharpeners"
"Jarrett,Metal Workers and Plastic Workers; All Other"
Jessee,Prepress Technicians and Workers
Joeseph,Printing Press Operators
Junious,Print Binding and Finishing Workers
Kirk,Laundry and Dry-Cleaning Workers
"Levy,Pressers; Textile; Garment; and Related Materials"
Mervin,Sewing Machine Operators
Michel,Shoe and Leather Workers and Repairers
Milford,Shoe Machine Operators and Tenders
"Mitchel,Sewers; Hand"
"Nellie,Tailors; Dressmakers; and Custom Sewers"
Noble,Textile Bleaching and Dyeing Machine Operators and Tenders
"Obed,Textile Cutting Machine Setters; Operators; and Tenders"
"Oda,Textile Knitting and Weaving Machine Setters; Operators; and Tenders"
"Orren,Textile Winding; Twisting; and Drawing Out Machine Setters; Operators; and Tenders"
"Ottis,Extruding and Forming Machine Setters; Operators; and Tenders; Synthetic and Glass Fibers"
Rafe,Fabric and Apparel Patternmakers
Redden,Upholsterers
"Reese,Textile; Apparel; and Furnishings Workers; All Other"
Rube,Cabinetmakers and Bench Carpenters
Ruby,Furniture Finishers
"Rupert,Model Makers; Wood"
"Salomon,Patternmakers; Wood"
"Sammie,Sawing Machine Setters; Operators; and Tenders; Wood"
"Sanders,Woodworking Machine Setters; Operators; and Tenders; Except Sawing"
"Soloman,Woodworkers; All Other"
Stacy,Nuclear Power Reactor Operators
Stanford,Power Distributors and Dispatchers
Stanton,Power Plant Operators
Thad,Biomass Plant Technicians
Titus,Hydroelectric Plant Technicians
Tracy,Stationary Engineers and Boiler Operators
Vernie,Water and Wastewater Treatment Plant and System Operators
Wendell,Chemical Plant and System Operators
Wilhelm,Gas Plant Operators
"Willian,Petroleum Pump System Operators; Refinery Operators; and Gaugers"
"Yee,Plant and System Operators; All Other"
Zeke,Biofuels Processing Technicians
Ab,Chemical Equipment Operators and Tenders
"Abbott,Separating; Filtering; Clarifying; Precipitating; and Still Machine Setters; Operators; and Tenders"
"Agustus,Crushing; Grinding; and Polishing Machine Setters; Operators; and Tenders"
"Albertus,Grinding and Polishing Workers; Hand"
"Almer,Mixing and Blending Machine Setters; Operators; and Tenders"
"Alphonso,Cutters and Trimmers; Hand"
"Alvia,Cutting and Slicing Machine Setters; Operators; and Tenders"
"Artie,Extruding; Forming; Pressing; and Compacting Machine Setters; Operators; and Tenders"
"Arvid,Furnace; Kiln; Oven; Drier; and Kettle Operators and Tenders"
"Ashby,Inspectors; Testers; Sorters; Samplers; and Weighers"
Augusta,Jewelers and Precious Stone and Metal Workers
Aurthur,Gem and Diamond Workers
Babe,Dental Laboratory Technicians
Baldwin,Medical Appliance Technicians
Barnett,Ophthalmic Laboratory Technicians
Bartholomew,Packaging and Filling Machine Operators and Tenders
"Barton,Painting; Coating; and Decorating Workers"
"Bernie,Coating; Painting; and Spraying Machine Setters; Operators; and Tenders"
Blaine,Semiconductor Processing Technicians
Boston,Photographic Process Workers and Processing Machine Operators
Brad,Computer Numerically Controlled Tool Operators
Bradford,Computer Numerically Controlled Tool Programmers
Bradley,Adhesive Bonding Machine Operators and Tenders
"Brooks,Cleaning; Washing; and Metal Pickling Equipment Operators and Tenders"
Buck,Cooling and Freezing Equipment Operators and Tenders
Budd,Etchers and Engravers
"Ceylon,Molders; Shapers; and Casters; Except Metal and Plastic"
"Chalmers,Stone Cutters and Carvers; Manufacturing"
"Chesley,Glass Blowers; Molders; Benders; and Finishers"
"Chin,Potters; Manufacturing"
"Cleo,Paper Goods Machine Setters; Operators; and Tenders"
Crockett,Tire Builders
Cyril,Helpers--Production Workers
"Daisy,Production Workers; All Other"
Denver,Aircraft Cargo Handling Supervisors
"Dow,First-Line Supervisors of Helpers; Laborers; and Material Movers; Hand"
Duff,Recycling Coordinators
Edie,First-Line Supervisors of Material-Moving Machine and Vehicle Operators
Edith,First-Line Supervisors of Passenger Attendants
"Elick,First-Line Supervisors of Transportation Workers; All Other"
"Elie,Airline Pilots; Copilots; and Flight Engineers"
Eliga,Commercial Pilots
Eliseo,Air Traffic Controllers
Elroy,Airfield Operations Specialists
Ely,Flight Attendants
"Ennis,Ambulance Drivers and Attendants; Except Emergency Medical Technicians"
Enrique,Driver/Sales Workers
Erasmus,Heavy and Tractor-Trailer Truck Drivers
Esau,Light Truck Drivers
"Everette,Bus Drivers; School"
"Firman,Bus Drivers; Transit and Intercity"
Fleming,Shuttle Drivers and Chauffeurs
Flora,Taxi Drivers
"Gardner,Motor Vehicle Operators; All Other"
Gee,Locomotive Engineers
"Gorge,Rail Yard Engineers; Dinkey Operators; and Hostlers"
"Gottlieb,Railroad Brake; Signal; and Switch Operators and Locomotive Firers"
Gregorio,Railroad Conductors and Yardmasters
Gregory,Subway and Streetcar Operators
"Gustavus,Rail Transportation Workers; All Other"
Halsey,Sailors and Marine Oilers
"Handy,Captains; Mates; and Pilots of Water Vessels"
Hardie,Motorboat Operators
Harl,Ship Engineers
Hayden,Bridge and Lock Tenders
Hays,Parking Attendants
Hermon,Automotive and Watercraft Service Attendants
Hershel,Aircraft Service Attendants
Holly,Traffic Technicians
Hosteen,Transportation Inspectors
Hoyt,Aviation Inspectors
"Hudson,Transportation Vehicle; Equipment and Systems Inspectors; Except Aviation"
Huey,Passenger Attendants
"Humphrey,Transportation Workers; All Other"
Hunt,Conveyor Operators and Tenders
Hyrum,Crane and Tower Operators
Irven,Dredge Operators
Isam,Hoist and Winch Operators
Ivy,Industrial Truck and Tractor Operators
Jabez,Cleaners of Vehicles and Equipment
"Jewel,Laborers and Freight; Stock; and Material Movers; Hand"
Jodie,Recycling and Reclamation Workers
Judd,Machine Feeders and Offbearers
"Julious,Packers and Packagers; Hand"
Justice,Stockers and Order Fillers
Katherine,Gas Compressor and Gas Pumping Station Operators
"Kelly,Pump Operators; Except Wellhead Pumpers"
Kit,Wellhead Pumpers
Knute,Refuse and Recyclable Material Collectors
"Lavern,Tank Car; Truck; and Ship Loaders"
"Lawyer,Material Moving Workers; All Other"
Layton,Air Crew Officers
Brown,Aircraft Launch and Recovery Officers
Newell,Armored Assault Vehicle Officers
Carter,Artillery and Missile Officers
Lucas,Command and Control Center Officers
Ransom,Infantry Officers
Bee,Special Forces Officers
"Meyer,Military Officer Special and Tactical Operations Leaders; All Other"
Paris,First-Line Supervisors of Air Crew Members
Byrd,First-Line Supervisors of Weapons Specialists/Crew Members
Deforest,First-Line Supervisors of All Other Tactical Operations Specialists
Dolph,Air Crew Members
Harper,Aircraft Launch and Recovery Specialists
Jule,Armored Assault Vehicle Crew Members
Lambert,Artillery and Missile Crew Members
Margaret,Command and Control Center Specialists
Ocie,Infantry
Orange,Special Forces
"Reece,Military Enlisted Tactical Operations and Air/Weapons Specialists and Crew Members; All Other"
Roe,Structural Iron and Steel Workers
Ambers,Structural Iron and Steel Workers
Bessie,Solar Photovoltaic Installers
Collins,Solar Photovoltaic Installers
"Elbridge,Helpers; Construction Trades"
"Eldon,Helpers; Construction Trades"
"Elvis,Helpers--Brickmasons; Blockmasons; Stonemasons; and Tile and Marble Setters"
Gaston,Helpers--Carpenters
Guadalupe,Helpers--Electricians
"Hartwell,Helpers--Painters; Paperhangers; Plasterers; and Stucco Masons"
"Knox,Helpers--Pipelayers; Plumbers; Pipefitters; and Steamfitters"
Lue,Helpers--Roofers
"Manning,Helpers; Construction Trades; All Other"
Ola,Other Construction and Related Workers
Reed,Construction and Building Inspectors
Sampson,Construction and Building Inspectors
Samual,Elevator and Escalator Installers and Repairers
Thos,Elevator and Escalator Installers and Repairers
Todd,Fence Erectors
Tommy,Fence Erectors
Unknown,Hazardous Materials Removal Workers
Wirt,Hazardous Materials Removal Workers
Woodie,Highway Maintenance Workers
Alice,Highway Maintenance Workers
Alvis,Rail-Track Laying and Maintenance Equipment Operators
Ammon,Rail-Track Laying and Maintenance Equipment Operators
Boss,Septic Tank Servicers and Sewer Pipe Cleaners
Cas,Septic Tank Servicers and Sewer Pipe Cleaners
Cass,Miscellaneous Construction and Related Workers
Chalmer,Miscellaneous Construction and Related Workers
Denton,Extraction Workers
"Elsworth,Derrick; Rotary Drill; and Service Unit Operators; Oil and Gas"
"Erving,Derrick Operators; Oil and Gas"
"Fredric,Rotary Drill Operators; Oil and Gas"
"Furman,Service Unit Operators; Oil and Gas"
Helen,Surface Mining Machine Operators and Earth Drillers
"Pearlie,Excavating and Loading Machine and Dragline Operators; Surface Mining"
"Plummer,Earth Drillers; Except Oil and Gas"
"Presley,Explosives Workers; Ordnance Handling Experts; and Blasters"
"Rollo,Explosives Workers; Ordnance Handling Experts; and Blasters"
Roswell,Underground Mining Machine Operators
Ruffus,Continuous Mining Machine Operators
"Sheldon,Roof Bolters; Mining"
"Tilman,Loading and Moving Machine Operators; Underground Mining"
"York,Underground Mining Machine Operators; All Other"
"Acie,Rock Splitters; Quarry"
"Alfonso,Rock Splitters; Quarry"
"Ashton,Roustabouts; Oil and Gas"
"Burke,Roustabouts; Oil and Gas"
Cap,Helpers--Extraction Workers
Casimiro,Helpers--Extraction Workers
Collie,Miscellaneous Extraction Workers
"Curley,Extraction Workers; All Other"
"Dale,Installation; Maintenance; and Repair Occupations"
"Dixon,Supervisors of Installation; Maintenance; and Repair Workers"
"Dominick,First-Line Supervisors of Mechanics; Installers; and Repairers"
"Garret,First-Line Supervisors of Mechanics; Installers; and Repairers"
"Gerrit,Electrical and Electronic Equipment Mechanics; Installers; and Repairers"
"Griffin,Computer; Automated Teller; and Office Machine Repairers"
"Hall,Computer; Automated Teller; and Office Machine Repairers"
Heber,Radio and Telecommunications Equipment Installers and Repairers
"Hurley,Radio; Cellular; and Tower Equipment Installers and Repairers"
"Isidore,Telecommunications Equipment Installers and Repairers; Except Line Installers"
"Lorenza,Miscellaneous Electrical and Electronic Equipment Mechanics; Installers; and Repairers"
Marian,Avionics Technicians
"Maud,Electric Motor; Power Tool; and Related Repairers"
"Maude,Electrical and Electronics Installers and Repairers; Transportation Equipment"
"Murphy,Electrical and Electronics Repairers; Commercial and Industrial Equipment"
"Obe,Electrical and Electronics Repairers; Powerhouse; Substation; and Relay"
"Orla,Electronic Equipment Installers and Repairers; Motor Vehicles"
Orlo,Audiovisual Equipment Installers and Repairers
Orrie,Security and Fire Alarm Systems Installers
"Sebastian,Vehicle and Mobile Equipment Mechanics; Installers; and Repairers"
Starling,Aircraft Mechanics and Service Technicians
Tolbert,Aircraft Mechanics and Service Technicians
Whit,Automotive Technicians and Repairers
Adrien,Automotive Body and Related Repairers
Alto,Automotive Glass Installers and Repairers
Angelo,Automotive Service Technicians and Mechanics
Antone,Bus and Truck Mechanics and Diesel Engine Specialists
Arden,Bus and Truck Mechanics and Diesel Engine Specialists
Atticus,Heavy Vehicle and Mobile Equipment Service Technicians and Mechanics
Belton,Farm Equipment Mechanics and Service Technicians
"Bertha,Mobile Heavy Equipment Mechanics; Except Engines"
Blair,Rail Car Repairers
Burrell,Small Engine Mechanics
Callie,Motorboat Mechanics and Service Technicians
Campbell,Motorcycle Mechanics
Champ,Outdoor Power Equipment and Other Small Engine Mechanics
"Coley,Miscellaneous Vehicle and Mobile Equipment Mechanics; Installers; and Repairers"
Conway,Bicycle Repairers
Craig,Recreational Vehicle Service Technicians
Dalton,Tire Repairers and Changers
"Darrell,Other Installation; Maintenance; and Repair Occupations"
Darwin,Control and Valve Installers and Repairers
Dennie,Mechanical Door Repairers
"Ebb,Control and Valve Installers and Repairers; Except Mechanical Door"
"Ebbie,Heating; Air Conditioning; and Refrigeration Mechanics and Installers"
"Edna,Heating; Air Conditioning; and Refrigeration Mechanics and Installers"
Ellison,Home Appliance Repairers
Elonzo,Home Appliance Repairers
"Emit,Industrial Machinery Installation; Repair; and Maintenance Workers"
Emry,Industrial Machinery Mechanics
"Ephram,Maintenance Workers; Machinery"
Esequiel,Millwrights
"Essie,Refractory Materials Repairers; Except Brickmasons"
Esta,Line Installers and Repairers
Evertt,Electrical Power-Line Installers and Repairers
Garner,Telecommunications Line Installers and Repairers
Garnett,Precision Instrument and Equipment Repairers
Graham,Camera and Photographic Equipment Repairers
Gregg,Medical Equipment Repairers
Halbert,Musical Instrument Repairers and Tuners
Harvie,Watch and Clock Repairers
"Harvy,Precision Instrument and Equipment Repairers; All Other"
"Hubbard,Maintenance and Repair Workers; General"
"Jared,Maintenance and Repair Workers; General"
Jere,Wind Turbine Service Technicians
Joesph,Wind Turbine Service Technicians
"Johnathan,Miscellaneous Installation; Maintenance; and Repair Workers"
"Juluis,Coin; Vending; and Amusement Machine Servicers and Repairers"
Kirby,Commercial Divers
Kyle,Locksmiths and Safe Repairers
Lane,Manufactured Building and Mobile Home Installers
Lawerence,Riggers
Less,Signal and Track Switch Repairers
"Linwood,Helpers--Installation; Maintenance; and Repair Workers"
"Louise,Installation; Maintenance; and Repair Workers; All Other"
Lowell,Production Occupations
Loy,Supervisors of Production Workers
Lucy,First-Line Supervisors of Production and Operating Workers
Manly,First-Line Supervisors of Production and Operating Workers
Mannie,Assemblers and Fabricators
"Marcel,Aircraft Structure; Surfaces; Rigging; and Systems Assemblers"
"Marius,Aircraft Structure; Surfaces; Rigging; and Systems Assemblers"
"Marrion,Electrical; Electronics; and Electromechanical Assemblers"
"Mercer,Coil Winders; Tapers; and Finishers"
"Monte,Electrical; Electronic; and Electromechanical Assemblers; Except Coil Winders; Tapers; and Finishers"
Montgomery,Engine and Other Machine Assemblers
Nolan,Engine and Other Machine Assemblers
Okey,Structural Metal Fabricators and Fitters
Page,Structural Metal Fabricators and Fitters
Philo,Fiberglass Laminators and Fabricators
Primus,Fiberglass Laminators and Fabricators
Prosper,Timing Device Assemblers and Adjusters
Pryor,Timing Device Assemblers and Adjusters
Rene,Miscellaneous Assemblers and Fabricators
Robin,Miscellaneous Assemblers and Fabricators
Roll,Food Processing Workers
Seward,Bakers
Shannon,Bakers
"Talmage,Butchers and Other Meat; Poultry; and Fish Processing Workers"
Vaughn,Butchers and Meat Cutters
"Verner,Meat; Poultry; and Fish Cutters and Trimmers"
Waverly,Slaughterers and Meat Packers
Weldon,Miscellaneous Food Processing Workers
"Wells,Food and Tobacco Roasting; Baking; and Drying Machine Operators and Tenders"
Wiliam,Food Batchmakers
Wing,Food Cooking Machine Operators and Tenders
"Wood,Food Processing Workers; All Other"
Wright,Metal Workers and Plastic Workers
"Add,Forming Machine Setters; Operators; and Tenders; Metal and Plastic"
"Adelard,Extruding and Drawing Machine Setters; Operators; and Tenders; Metal and Plastic"
"Cleve,Forging Machine Setters; Operators; and Tenders; Metal and Plastic"
"Linus,Rolling Machine Setters; Operators; and Tenders; Metal and Plastic"
"Martha,Machine Tool Cutting Setters; Operators; and Tenders; Metal and Plastic"
"Reinhold,Cutting; Punching; and Press Machine Setters; Operators; and Tenders; Metal and Plastic"
"Junior,Drilling and Boring Machine Tool Setters; Operators; and Tenders; Metal and Plastic"
"Ace,Grinding; Lapping; Polishing; and Buffing Machine Tool Setters; Operators; and Tenders; Metal and Plastic"
"Armstead,Lathe and Turning Machine Tool Setters; Operators; and Tenders; Metal and Plastic"
"Benedict,Milling and Planing Machine Setters; Operators; and Tenders; Metal and Plastic"
Brice,Machinists
Gibson,Machinists
"May,Metal Furnace Operators; Tenders; Pourers; and Casters"
Mills,Metal-Refining Furnace Operators and Tenders
"Adolfo,Pourers and Casters; Metal"
"Alanzo,Model Makers and Patternmakers; Metal and Plastic"
"Antoine,Model Makers; Metal and Plastic"
"Ethan,Patternmakers; Metal and Plastic"
"Eustace,Molders and Molding Machine Setters; Operators; and Tenders; Metal and Plastic"
Ewing,Foundry Mold and Coremakers
"Fernand,Molding; Coremaking; and Casting Machine Setters; Operators; and Tenders; Metal and Plastic"
"Fisher,Multiple Machine Tool Setters; Operators; and Tenders; Metal and Plastic"
"Gail,Multiple Machine Tool Setters; Operators; and Tenders; Metal and Plastic"
Harland,Tool and Die Makers
Hilary,Tool and Die Makers
"Hosie,Welding; Soldering; and Brazing Workers"
"Lemon,Welders; Cutters; Solderers; and Brazers"
"Lora,Welding; Soldering; and Brazing Machine Setters; Operators; and Tenders"
Marsh,Miscellaneous Metal Workers and Plastic Workers
"Newman,Heat Treating Equipment Setters; Operators; and Tenders; Metal and Plastic"
"Nickolas,Layout Workers; Metal and Plastic"
"Olie,Plating Machine Setters; Operators; and Tenders; Metal and Plastic"
"Pearley,Tool Grinders; Filers; and Sharpeners"
"Roman,Metal Workers and Plastic Workers; All Other"
Rome,Printing Workers
Rowland,Printing Workers
Shelly,Prepress Technicians and Workers
Vicente,Printing Press Operators
Weston,Print Binding and Finishing Workers
"Alan,Textile; Apparel; and Furnishings Workers"
Alberto,Laundry and Dry-Cleaning Workers
Alexis,Laundry and Dry-Cleaning Workers
"Auguste,Pressers; Textile; Garment; and Related Materials"
"Bascom,Pressers; Textile; Garment; and Related Materials"
Cameron,Sewing Machine Operators
Camille,Sewing Machine Operators
Clabe,Shoe and Leather Workers
Cooper,Shoe and Leather Workers and Repairers
Domingo,Shoe Machine Operators and Tenders
"Elwin,Tailors; Dressmakers; and Sewers"
"Emilio,Sewers; Hand"
"French,Tailors; Dressmakers; and Custom Sewers"
"Gerhard,Textile Machine Setters; Operators; and Tenders"
Hansford,Textile Bleaching and Dyeing Machine Operators and Tenders
"Jarvis,Textile Cutting Machine Setters; Operators; and Tenders"
"Jobe,Textile Knitting and Weaving Machine Setters; Operators; and Tenders"
"Josephus,Textile Winding; Twisting; and Drawing Out Machine Setters; Operators; and Tenders"
"Landon,Miscellaneous Textile; Apparel; and Furnishings Workers"
"Lennie,Extruding and Forming Machine Setters; Operators; and Tenders; Synthetic and Glass Fibers"
Leonidas,Fabric and Apparel Patternmakers
Lesley,Upholsterers
"Lillian,Textile; Apparel; and Furnishings Workers; All Other"
Linn,Woodworkers
Littleton,Cabinetmakers and Bench Carpenters
Lone,Cabinetmakers and Bench Carpenters
Margarito,Furniture Finishers
Mattie,Furniture Finishers
"Melton,Model Makers and Patternmakers; Wood"
"Ott,Model Makers; Wood"
"Randle,Patternmakers; Wood"
"Seaborn,Woodworking Machine Setters; Operators; and Tenders"
"Severt,Sawing Machine Setters; Operators; and Tenders; Wood"
"Steward,Woodworking Machine Setters; Operators; and Tenders; Except Sawing"
Sylvanus,Miscellaneous Woodworkers
"Theadore,Woodworkers; All Other"
Theophile,Plant and System Operators
"Vester,Power Plant Operators; Distributors; and Dispatchers"
Wenzel,Nuclear Power Reactor Operators
Alby,Power Distributors and Dispatchers
Alcee,Power Plant Operators
Almond,Stationary Engineers and Boiler Operators
Alvy,Stationary Engineers and Boiler Operators
Amon,Water and Wastewater Treatment Plant and System Operators
Ansel,Water and Wastewater Treatment Plant and System Operators
Bayard,Miscellaneous Plant and System Operators
Benny,Chemical Plant and System Operators
Bluford,Gas Plant Operators
"Booker,Petroleum Pump System Operators; Refinery Operators; and Gaugers"
"Burnett,Plant and System Operators; All Other"
Burney,Other Production Occupations
"Caswell,Chemical Processing Machine Setters; Operators; and Tenders"
Claudie,Chemical Equipment Operators and Tenders
"Conley,Separating; Filtering; Clarifying; Precipitating; and Still Machine Setters; Operators; and Tenders"
"Cortez,Crushing; Grinding; Polishing; Mixing; and Blending Workers"
"Dionicio,Crushing; Grinding; and Polishing Machine Setters; Operators; and Tenders"
"Donnie,Grinding and Polishing Workers; Hand"
"Eldred,Mixing and Blending Machine Setters; Operators; and Tenders"
Ell,Cutting Workers
"Ellery,Cutters and Trimmers; Hand"
"Ellwood,Cutting and Slicing Machine Setters; Operators; and Tenders"
"Elva,Extruding; Forming; Pressing; and Compacting Machine Setters; Operators; and Tenders"
"Emmit,Extruding; Forming; Pressing; and Compacting Machine Setters; Operators; and Tenders"
"Erle,Furnace; Kiln; Oven; Drier; and Kettle Operators and Tenders"
"Essex,Furnace; Kiln; Oven; Drier; and Kettle Operators and Tenders"
"Ewell,Inspectors; Testers; Sorters; Samplers; and Weighers"
"Ewin,Inspectors; Testers; Sorters; Samplers; and Weighers"
Fabian,Jewelers and Precious Stone and Metal Workers
Florencio,Jewelers and Precious Stone and Metal Workers
Fremont,Dental and Ophthalmic Laboratory Technicians and Medical Appliance Technicians
Gaines,Dental Laboratory Technicians
Garnet,Medical Appliance Technicians
Gaylord,Ophthalmic Laboratory Technicians
German,Packaging and Filling Machine Operators and Tenders
Greene,Packaging and Filling Machine Operators and Tenders
Brady,Painting Workers
"Festus,Painting; Coating; and Decorating Workers"
"Jewell,Coating; Painting; and Spraying Machine Setters; Operators; and Tenders"
Odell,Semiconductor Processing Technicians
Rosco,Semiconductor Processing Technicians
Bernice,Photographic Process Workers and Processing Machine Operators
Chauncy,Photographic Process Workers and Processing Machine Operators
Delmer,Computer Numerically Controlled Tool Operators and Programmers
Effie,Computer Numerically Controlled Tool Operators
Ellie,Computer Numerically Controlled Tool Programmers
Jimmy,Miscellaneous Production Workers
Lars,Adhesive Bonding Machine Operators and Tenders
"Milas,Cleaning; Washing; and Metal Pickling Equipment Operators and Tenders"
Miner,Cooling and Freezing Equipment Operators and Tenders
Rogers,Etchers and Engravers
"Sarah,Molders; Shapers; and Casters; Except Metal and Plastic"
"Wess,Paper Goods Machine Setters; Operators; and Tenders"
Woody,Tire Builders
Bryan,Helpers--Production Workers
"Douglass,Production Workers; All Other"
Hilton,Transportation and Material Moving Occupations
Irvine,Supervisors of Transportation and Material Moving Workers
Isidor,First-Line Supervisors of Transportation and Material Moving Workers
Jeptha,Aircraft Cargo Handling Supervisors
"Mabel,First-Line Supervisors of Transportation and Material Moving Workers; Except Aircraft Cargo Handling Supervisors"
Malcom,Air Transportation Workers
Mell,Aircraft Pilots and Flight Engineers
"Olof,Airline Pilots; Copilots; and Flight Engineers"
Robt,Commercial Pilots
Ronald,Air Traffic Controllers and Airfield Operations Specialists
Simpson,Air Traffic Controllers
Spurgeon,Airfield Operations Specialists
Tandy,Flight Attendants
Thurlow,Flight Attendants
Toy,Motor Vehicle Operators
"Winston,Ambulance Drivers and Attendants; Except Emergency Medical Technicians"
"Zeno,Ambulance Drivers and Attendants; Except Emergency Medical Technicians"
Alphonsus,Driver/Sales Workers and Truck Drivers
Alvan,Driver/Sales Workers
Amado,Heavy and Tractor-Trailer Truck Drivers
Ananias,Light Truck Drivers
Ancel,Passenger Vehicle Drivers
"Atlas,Bus Drivers; School"
"Banks,Bus Drivers; Transit and Intercity"
Barry,Shuttle Drivers and Chauffeurs
Blake,Taxi Drivers
Blanchard,Miscellaneous Motor Vehicle Operators
"Bose,Motor Vehicle Operators; All Other"
Captain,Rail Transportation Workers
Ceasar,Locomotive Engineers and Operators
Chance,Locomotive Engineers
"Chancey,Rail Yard Engineers; Dinkey Operators; and Hostlers"
"Charle,Railroad Brake; Signal; and Switch Operators and Locomotive Firers"
"Clide,Railroad Brake; Signal; and Switch Operators and Locomotive Firers"
Dink,Railroad Conductors and Yardmasters
Ella,Railroad Conductors and Yardmasters
Emett,Subway and Streetcar Operators
Erick,Subway and Streetcar Operators
Estill,Miscellaneous Rail Transportation Workers
"Fenton,Rail Transportation Workers; All Other"
Gale,Water Transportation Workers
Gay,Sailors and Marine Oilers
Grove,Sailors and Marine Oilers
Hanson,Ship and Boat Captains and Operators
"Harlie,Captains; Mates; and Pilots of Water Vessels"
Harlow,Motorboat Operators
Haskell,Ship Engineers
Ingram,Ship Engineers
Iva,Other Transportation Workers
Jep,Bridge and Lock Tenders
Joy,Bridge and Lock Tenders
Lessie,Parking Attendants
Lillie,Parking Attendants
Linton,Transportation Service Attendants
Linzy,Automotive and Watercraft Service Attendants
Little,Aircraft Service Attendants
Loney,Traffic Technicians
Loring,Traffic Technicians
Lovie,Transportation Inspectors
Lute,Transportation Inspectors
Mace,Passenger Attendants
Matthias,Passenger Attendants
Meredith,Miscellaneous Transportation Workers
"Benjamen,Transportation Workers; All Other"
Jens,Material Moving Workers
Oakley,Conveyor Operators and Tenders
Whitney,Conveyor Operators and Tenders
Donaciano,Crane and Tower Operators
Hayward,Crane and Tower Operators
Loran,Dredge Operators
Love,Dredge Operators
Son,Hoist and Winch Operators
Tollie,Hoist and Winch Operators
Vollie,Industrial Truck and Tractor Operators
Bonnie,Industrial Truck and Tractor Operators
Catherine,Laborers and Material Movers
Ebenezer,Cleaners of Vehicles and Equipment
"Ewald,Laborers and Freight; Stock; and Material Movers; Hand"
Herb,Machine Feeders and Offbearers
"Julia,Packers and Packagers; Hand"
Silvester,Stockers and Order Fillers
Stafford,Pumping Station Operators
Sullivan,Gas Compressor and Gas Pumping Station Operators
"Thurston,Pump Operators; Except Wellhead Pumpers"
Wayman,Wellhead Pumpers
Wes,Refuse and Recyclable Material Collectors
Winnie,Refuse and Recyclable Material Collectors
"Burrel,Tank Car; Truck; and Ship Loaders"
"Cleon,Tank Car; Truck; and Ship Loaders"
Dozier,Miscellaneous Material Moving Workers
"Elden,Material Moving Workers; All Other"
